{"cameraMode":{"drawMode":0,"name":"Shaded","section":"Shading Mode"},"sceneLighting":true,"audioPlay":false,"sceneViewState":{"m_AlwaysRefresh":true,"showFog":true,"showSkybox":true,"showFlares":true,"showImageEffects":true,"showParticleSystems":true,"showVisualEffectGraphs":true,"m_FxEnabled":true},"in2DMode":false,"pivot":{"x":0.8785387277603149,"y":4.999212265014648,"z":-17.5851993560791},"rotation":{"x":-0.14551416039466859,"y":-0.029371466487646104,"z":0.004322212189435959,"w":-0.9889042973518372},"size":4.148850917816162,"orthographic":false}